<?xml version="1.0" ?>
<LOG_ROOT>
	<PROJECT NAME="partIII">
		<CBX_INST_ENTRY INSTANCE_NAME="|partIII|lpm_add_sub0:inst17|lpm_add_sub:LPM_ADD_SUB_component" CBX_FILE_NAME="add_sub_3hi.tdf"/>
		<CBX_INST_ENTRY INSTANCE_NAME="|partIII|lpm_add_sub0:inst22|lpm_add_sub:LPM_ADD_SUB_component" CBX_FILE_NAME="add_sub_3hi.tdf"/>
		<CBX_INST_ENTRY INSTANCE_NAME="|partIII|lpm_add_sub0:inst26|lpm_add_sub:LPM_ADD_SUB_component" CBX_FILE_NAME="add_sub_3hi.tdf"/>
		<CBX_INST_ENTRY INSTANCE_NAME="|partIII|lpm_constant0:inst31|lpm_constant:LPM_CONSTANT_component" CBX_FILE_NAME="lpm_constant_3e6.tdf"/>
		<CBX_INST_ENTRY INSTANCE_NAME="|partIII|lpm_add_sub0:inst18|lpm_add_sub:LPM_ADD_SUB_component" CBX_FILE_NAME="add_sub_3hi.tdf"/>
		<CBX_INST_ENTRY INSTANCE_NAME="|partIII|lpm_add_sub0:inst23|lpm_add_sub:LPM_ADD_SUB_component" CBX_FILE_NAME="add_sub_3hi.tdf"/>
		<CBX_INST_ENTRY INSTANCE_NAME="|partIII|lpm_add_sub0:inst27|lpm_add_sub:LPM_ADD_SUB_component" CBX_FILE_NAME="add_sub_3hi.tdf"/>
		<CBX_INST_ENTRY INSTANCE_NAME="|partIII|lpm_constant0:inst32|lpm_constant:LPM_CONSTANT_component" CBX_FILE_NAME="lpm_constant_3e6.tdf"/>
		<CBX_INST_ENTRY INSTANCE_NAME="|partIII|lpm_add_sub0:inst19|lpm_add_sub:LPM_ADD_SUB_component" CBX_FILE_NAME="add_sub_3hi.tdf"/>
		<CBX_INST_ENTRY INSTANCE_NAME="|partIII|lpm_add_sub0:inst20|lpm_add_sub:LPM_ADD_SUB_component" CBX_FILE_NAME="add_sub_3hi.tdf"/>
		<CBX_INST_ENTRY INSTANCE_NAME="|partIII|lpm_add_sub0:inst24|lpm_add_sub:LPM_ADD_SUB_component" CBX_FILE_NAME="add_sub_3hi.tdf"/>
		<CBX_INST_ENTRY INSTANCE_NAME="|partIII|lpm_add_sub0:inst28|lpm_add_sub:LPM_ADD_SUB_component" CBX_FILE_NAME="add_sub_3hi.tdf"/>
		<CBX_INST_ENTRY INSTANCE_NAME="|partIII|lpm_add_sub0:inst21|lpm_add_sub:LPM_ADD_SUB_component" CBX_FILE_NAME="add_sub_3hi.tdf"/>
		<CBX_INST_ENTRY INSTANCE_NAME="|partIII|lpm_add_sub0:inst25|lpm_add_sub:LPM_ADD_SUB_component" CBX_FILE_NAME="add_sub_3hi.tdf"/>
		<CBX_INST_ENTRY INSTANCE_NAME="|partIII|lpm_constant0:inst29|lpm_constant:LPM_CONSTANT_component" CBX_FILE_NAME="lpm_constant_3e6.tdf"/>
		<CBX_INST_ENTRY INSTANCE_NAME="|partIII|lpm_constant0:inst30|lpm_constant:LPM_CONSTANT_component" CBX_FILE_NAME="lpm_constant_3e6.tdf"/>
	</PROJECT>
</LOG_ROOT>
